id,first_name,last_name,email,gender,ip_address
1,Roselle,Forkan,rforkan0@theatlantic.com,Female,59.19.66.32
2,Tybi,Kann,tkann1@cocolog-nifty.com,Female,68.57.8.62
3,Nancie,Nardrup,nnardrup2@sphinn.com,Female,255.24.104.11
4,Ramonda,McPhater,rmcphater3@usatoday.com,Female,117.229.18.188
5,Morty,Guerreiro,mguerreiro4@acquirethisname.com,Male,226.189.203.113
6,Barret,Bayston,bbayston5@washingtonpost.com,Male,74.124.97.35
7,Stacey,Axton,saxton6@github.com,Female,106.170.247.8
8,Alta,Turgoose,aturgoose7@discovery.com,Female,26.21.29.130
9,Verene,McBoyle,vmcboyle8@army.mil,Female,187.230.254.157
10,Jennica,Howlett,jhowlett9@globo.com,Female,221.183.40.36
11,Francklin,Bracer,fbracera@state.gov,Male,117.219.56.82
12,Evie,Stife,estifeb@europa.eu,Female,79.112.34.110
13,Giffard,Ellingworth,gellingworthc@gnu.org,Male,125.34.42.196
14,Eric,Skivington,eskivingtond@woothemes.com,Male,48.242.1.15
15,Nari,Philippon,nphilippone@kickstarter.com,Female,118.160.144.38
16,Athena,Bickers,abickersf@amazon.co.jp,Female,43.53.61.161
17,Marena,Ineson,minesong@google.es,Genderqueer,91.102.93.81
18,Davis,Ingliby,dinglibyh@altervista.org,Male,44.32.77.106
19,Elias,Skey,eskeyi@zdnet.com,Male,129.40.51.191
20,Coleman,Parsand,cparsandj@so-net.ne.jp,Male,32.219.46.97
21,Amil,Stacy,astacyk@ucoz.com,Non-binary,186.223.193.247
22,Brantley,Busby,bbusbyl@1688.com,Male,184.170.163.15
23,Germayne,Chyuerton,gchyuertonm@mysql.com,Male,26.84.254.250
24,Stefanie,Nial,snialn@fastcompany.com,Female,96.203.33.214
25,Harrie,Skells,hskellso@yahoo.com,Female,91.11.131.201
26,Evin,Peplaw,epeplawp@phoca.cz,Male,126.190.15.91
27,Freddi,Golt,fgoltq@house.gov,Female,2.223.255.7
28,Chrisse,Mosconi,cmosconir@paypal.com,Male,116.121.39.4
29,Olympie,Riach,oriachs@posterous.com,Genderfluid,54.81.87.169
30,Lexie,Gonnelly,lgonnellyt@ebay.com,Female,141.26.200.81
31,Everett,Rushbury,erushburyu@wp.com,Male,210.42.209.123
32,Cordi,Tweede,ctweedev@blogs.com,Female,196.132.89.224
33,Akim,Keel,akeelw@washingtonpost.com,Non-binary,229.239.143.242
34,Dore,Beal,dbealx@slideshare.net,Female,27.25.184.178
35,Patrica,Zorzenoni,pzorzenoniy@opera.com,Female,249.157.149.131
36,Trudy,Forker,tforkerz@pinterest.com,Female,68.122.188.100
37,Paolina,Brierton,pbrierton10@reuters.com,Female,41.48.168.232
38,Arri,Pavitt,apavitt11@lulu.com,Male,46.79.254.217
39,Victor,Kuschke,vkuschke12@ihg.com,Male,4.70.60.120
40,Marni,Iacavone,miacavone13@ucsd.edu,Female,64.77.137.218
41,Bancroft,Klich,bklich14@cnbc.com,Male,118.64.235.18
42,Elka,Detoc,edetoc15@nba.com,Female,181.107.73.111
43,Hy,Adolphine,hadolphine16@cyberchimps.com,Male,184.213.107.72
44,Idalina,Dottridge,idottridge17@multiply.com,Female,72.46.94.25
45,Gram,Ragbourn,gragbourn18@t.co,Male,68.50.122.57
46,Joline,Toke,jtoke19@imageshack.us,Female,122.20.22.92
47,Daveta,Ughini,dughini1a@pagesperso-orange.fr,Female,22.43.187.244
48,Riannon,Gallyon,rgallyon1b@nsw.gov.au,Female,75.93.175.150
49,Farris,Breawood,fbreawood1c@baidu.com,Male,2.98.97.6
50,Devlen,Kieran,dkieran1d@a8.net,Male,164.102.24.78
51,Sollie,Inglesfield,singlesfield1e@mapquest.com,Male,247.35.110.3
52,Casar,Groucutt,cgroucutt1f@samsung.com,Male,103.134.183.104
53,Roarke,Edgehill,redgehill1g@slideshare.net,Male,174.244.67.192
54,Dollie,Southerill,dsoutherill1h@storify.com,Female,52.131.202.127
55,Haleigh,Pottery,hpottery1i@pinterest.com,Female,95.75.84.231
56,Gus,Pavolini,gpavolini1j@cornell.edu,Male,12.237.34.218
57,Kimmy,Skehens,kskehens1k@senate.gov,Female,56.79.81.65
58,Burtie,Landsman,blandsman1l@dedecms.com,Male,19.65.142.150
59,Katrine,Bazoge,kbazoge1m@google.fr,Female,243.110.29.239
60,Ashien,Gotfrey,agotfrey1n@topsy.com,Genderqueer,0.234.155.250
61,Timothea,MacCostigan,tmaccostigan1o@craigslist.org,Female,172.15.204.155
62,Ema,Lamb-shine,elambshine1p@blogger.com,Female,92.91.116.170
63,Chan,Boundley,cboundley1q@alexa.com,Male,62.97.171.221
64,Rollo,Kelling,rkelling1r@homestead.com,Agender,176.184.102.124
65,Joleen,Lockyear,jlockyear1s@virginia.edu,Female,217.89.44.104
66,Sherrie,Kinmond,skinmond1t@blogtalkradio.com,Female,31.75.240.164
67,Licha,Chicchetto,lchicchetto1u@ycombinator.com,Female,197.157.213.165
68,Imojean,Eayres,ieayres1v@sciencedaily.com,Female,98.54.87.9
69,Casar,Borley,cborley1w@istockphoto.com,Male,106.84.45.44
70,Angie,Devereux,adevereux1x@psu.edu,Male,194.187.55.246
71,Nicki,Ainslie,nainslie1y@cafepress.com,Female,44.129.33.68
72,Cissiee,Leet,cleet1z@imgur.com,Female,68.62.33.20
73,Dorothee,Byford,dbyford20@amazon.co.jp,Female,111.61.128.29
74,Kacey,Daudray,kdaudray21@myspace.com,Female,117.207.90.86
75,Nollie,Hurley,nhurley22@github.com,Female,211.166.164.195
76,Meriel,Bartomeu,mbartomeu23@ezinearticles.com,Female,31.84.251.205
77,Nathalia,Delacote,ndelacote24@uiuc.edu,Female,250.218.53.3
78,Rich,Alderwick,ralderwick25@goodreads.com,Male,30.141.73.76
79,Case,Biernat,cbiernat26@goo.ne.jp,Male,160.128.91.152
80,Marcellina,Keenan,mkeenan27@seesaa.net,Female,155.144.182.97
81,Ruthe,Brane,rbrane28@topsy.com,Female,104.30.222.254
82,Carlen,Dring,cdring29@tiny.cc,Female,111.250.218.169
83,Connor,Spiniello,cspiniello2a@umich.edu,Male,69.225.30.133
84,Quinta,Sail,qsail2b@wordpress.com,Female,106.232.74.149
85,Quintana,Vinecombe,qvinecombe2c@vk.com,Female,93.93.40.91
86,Zaccaria,Sloss,zsloss2d@arstechnica.com,Male,91.66.38.248
87,Rea,Burne,rburne2e@live.com,Female,145.137.181.80
88,Sonja,Ingham,singham2f@furl.net,Female,240.248.74.234
89,Hayden,Reely,hreely2g@google.nl,Genderqueer,150.246.119.88
90,Raffarty,Carding,rcarding2h@epa.gov,Polygender,76.232.36.59
91,Lucas,Eaton,leaton2i@fastcompany.com,Non-binary,82.25.185.138
92,Ina,Edgeson,iedgeson2j@icq.com,Female,237.114.66.112
93,Gorden,Mellem,gmellem2k@weather.com,Genderfluid,240.143.214.208
94,Wolf,Volk,wvolk2l@salon.com,Male,141.122.198.241
95,Aldon,Seneschal,aseneschal2m@bigcartel.com,Male,129.1.120.231
96,Nathanil,Haugen,nhaugen2n@people.com.cn,Male,151.29.81.144
97,Indira,Dammarell,idammarell2o@dion.ne.jp,Female,57.147.48.13
98,Tawsha,Goldney,tgoldney2p@tuttocitta.it,Non-binary,215.173.184.217
99,Xavier,Riditch,xriditch2q@google.com,Male,1.140.247.195
100,Lilyan,Rodders,lrodders2r@privacy.gov.au,Female,132.26.31.166
101,Maxie,Janny,mjanny2s@webs.com,Female,221.23.26.105
102,Lilah,Staining,lstaining2t@patch.com,Female,157.75.159.109
103,Elmo,Tebbut,etebbut2u@google.pl,Male,82.142.164.58
104,Jeremias,Petrussi,jpetrussi2v@npr.org,Male,17.200.240.197
105,Aurelea,Haitlie,ahaitlie2w@blogs.com,Female,86.23.223.120
106,Phineas,Sagg,psagg2x@wikia.com,Male,105.128.65.149
107,Kimberli,Seys,kseys2y@imdb.com,Bigender,60.47.174.28
108,Waylin,Fedorchenko,wfedorchenko2z@youku.com,Male,141.46.76.87
109,Aldo,Arpino,aarpino30@sciencedaily.com,Male,236.208.178.171
110,Tisha,Holsey,tholsey31@xrea.com,Female,133.72.155.201
111,Godfry,Lightowlers,glightowlers32@hugedomains.com,Male,215.242.156.14
112,Rosalinda,Charity,rcharity33@accuweather.com,Female,129.129.184.108
113,Kinny,Haskew,khaskew34@google.com,Male,73.138.161.175
114,Barbara,Enric,benric35@icio.us,Female,189.94.81.95
115,Gabi,Vidgen,gvidgen36@xinhuanet.com,Male,45.32.115.44
116,Charissa,Allabarton,callabarton37@marriott.com,Female,70.64.173.51
117,Ranique,Cuchey,rcuchey38@so-net.ne.jp,Female,145.93.126.0
118,Norby,Blake,nblake39@msn.com,Male,32.248.248.249
119,Gonzales,Bullerwell,gbullerwell3a@huffingtonpost.com,Male,42.150.44.83
120,Ezri,Bromilow,ebromilow3b@berkeley.edu,Male,154.252.227.137
121,Jozef,Lowsely,jlowsely3c@vinaora.com,Male,212.126.108.29
122,Elayne,Beals,ebeals3d@google.es,Female,187.54.34.0
123,Brockie,Showt,bshowt3e@omniture.com,Male,145.231.149.75
124,Allie,Wimpeney,awimpeney3f@soundcloud.com,Female,165.191.233.66
125,Odilia,Whifen,owhifen3g@imageshack.us,Non-binary,93.53.78.81
126,Didi,Revel,drevel3h@t-online.de,Female,59.28.182.116
127,Mervin,Towll,mtowll3i@flickr.com,Male,163.176.63.30
128,Monty,Flacknoe,mflacknoe3j@wired.com,Male,226.99.212.82
129,Saunderson,Crossland,scrossland3k@webeden.co.uk,Male,120.22.147.186
130,Sarena,Kuna,skuna3l@engadget.com,Female,176.147.214.105
131,Pearline,Tipple,ptipple3m@samsung.com,Female,205.233.105.67
132,Corbet,Barkly,cbarkly3n@1und1.de,Male,65.72.21.142
133,Kilian,Chadderton,kchadderton3o@irs.gov,Genderfluid,118.70.177.119
134,Melloney,Crampsy,mcrampsy3p@foxnews.com,Female,170.199.24.2
135,Lenee,Tiffin,ltiffin3q@51.la,Female,253.85.60.7
136,Em,Stuck,estuck3r@scribd.com,Male,228.168.132.6
137,Mable,Whellans,mwhellans3s@stumbleupon.com,Genderqueer,122.187.136.189
138,Katharyn,Ilyas,kilyas3t@harvard.edu,Female,83.224.95.246
139,Bowie,Wofenden,bwofenden3u@loc.gov,Male,207.70.14.151
140,Adrianna,Deyenhardt,adeyenhardt3v@columbia.edu,Female,116.145.94.149
141,Laetitia,Slobom,lslobom3w@yellowpages.com,Female,5.91.253.113
142,Bentley,Woodall,bwoodall3x@wordpress.org,Male,199.120.226.85
143,Reinold,Katt,rkatt3y@pinterest.com,Male,100.96.54.128
144,Natty,Alans,nalans3z@ucoz.ru,Male,155.240.211.1
145,Salem,Weitzel,sweitzel40@nbcnews.com,Male,232.99.100.119
146,Roxie,Delea,rdelea41@hud.gov,Agender,68.3.77.235
147,Gelya,Weekland,gweekland42@studiopress.com,Female,6.237.173.102
148,Lowrance,Embra,lembra43@gizmodo.com,Male,215.237.174.17
149,Mellicent,Cuer,mcuer44@example.com,Female,82.24.179.180
150,Bear,Bartolomeazzi,bbartolomeazzi45@nymag.com,Male,99.112.246.56
151,Aretha,Cannan,acannan46@cafepress.com,Female,203.68.177.37
152,Dorice,McNevin,dmcnevin47@dyndns.org,Female,181.247.59.237
153,Gabbie,Duffree,gduffree48@google.ru,Genderqueer,168.2.6.119
154,Garland,Gunby,ggunby49@qq.com,Genderqueer,55.59.54.141
155,Ranique,Pena,rpena4a@geocities.jp,Female,238.204.24.116
156,Giorgio,Wadforth,gwadforth4b@nbcnews.com,Male,190.133.161.62
157,Sibyl,Stacy,sstacy4c@opensource.org,Male,226.169.80.163
158,Maisie,Bearcroft,mbearcroft4d@nih.gov,Genderqueer,118.144.207.60
159,Barris,Kopps,bkopps4e@sohu.com,Male,239.98.70.108
160,Leoine,Stirrup,lstirrup4f@ibm.com,Female,4.44.213.80
161,Andrei,Pilipets,apilipets4g@ucla.edu,Female,199.101.210.34
162,Rayshell,Chese,rchese4h@virginia.edu,Female,49.102.221.119
163,Roby,Thacker,rthacker4i@dailymotion.com,Female,186.143.24.122
164,Kory,Fenty,kfenty4j@baidu.com,Male,108.161.159.201
165,Benny,Bustard,bbustard4k@upenn.edu,Female,168.211.16.28
166,Tiena,Armal,tarmal4l@feedburner.com,Bigender,237.133.118.206
167,Jayme,Ceccoli,jceccoli4m@home.pl,Male,187.96.178.234
168,Nessa,Giffin,ngiffin4n@zimbio.com,Female,81.161.18.85
169,Caresa,Sindall,csindall4o@wunderground.com,Female,81.3.174.148
170,Ulrick,Carik,ucarik4p@t.co,Male,166.182.14.65
171,Sammy,Brightie,sbrightie4q@prnewswire.com,Female,193.167.53.216
172,Euell,Lindstedt,elindstedt4r@tuttocitta.it,Male,47.160.159.225
173,Weider,Brimson,wbrimson4s@liveinternet.ru,Male,212.244.246.225
174,Dawn,Ruppertz,druppertz4t@sakura.ne.jp,Female,221.5.133.217
175,Abra,Pyzer,apyzer4u@instagram.com,Female,159.15.180.140
176,Nata,Lantry,nlantry4v@artisteer.com,Female,101.178.28.245
177,Verney,Breakspear,vbreakspear4w@feedburner.com,Male,129.66.55.41
178,Joann,Splaven,jsplaven4x@naver.com,Female,234.180.20.38
179,Bord,Veeler,bveeler4y@oaic.gov.au,Male,66.203.186.115
180,Henrieta,Balasin,hbalasin4z@prnewswire.com,Female,94.33.122.28
181,Catlin,Halesworth,chalesworth50@dion.ne.jp,Female,125.175.150.49
182,Guinna,Lammers,glammers51@wisc.edu,Female,221.92.232.54
183,Cherri,Simmon,csimmon52@google.es,Female,142.171.110.36
184,Nicky,Tipler,ntipler53@cyberchimps.com,Male,174.66.117.42
185,Ced,Pullen,cpullen54@wp.com,Male,208.9.88.25
186,Giavani,McVeigh,gmcveigh55@wordpress.com,Male,87.84.185.34
187,Tedda,Traut,ttraut56@is.gd,Female,237.234.135.153
188,Jedidiah,Criag,jcriag57@mlb.com,Male,159.205.151.148
189,Marcella,MacGilmartin,mmacgilmartin58@nhs.uk,Female,88.155.232.76
190,Mikkel,Moorfield,mmoorfield59@gizmodo.com,Male,76.14.158.202
191,Marlie,Mathely,mmathely5a@cbslocal.com,Female,16.248.109.123
192,Corey,Arnauduc,carnauduc5b@engadget.com,Agender,195.82.90.41
193,Shari,Ethersey,sethersey5c@unblog.fr,Female,130.242.100.128
194,Bernette,Corrigan,bcorrigan5d@posterous.com,Female,186.85.42.224
195,Lalo,Danniell,ldanniell5e@jugem.jp,Male,104.167.58.119
196,Martha,Thys,mthys5f@joomla.org,Female,56.198.29.235
197,Pate,Cota,pcota5g@blogger.com,Male,24.170.147.222
198,Artur,Rollings,arollings5h@diigo.com,Male,85.235.172.89
199,Brigit,Gadie,bgadie5i@freewebs.com,Genderfluid,76.43.216.34
200,Magnum,Chiswell,mchiswell5j@themeforest.net,Male,245.182.156.179
201,Arlan,Danielis,adanielis5k@vimeo.com,Bigender,147.99.233.240
202,Elizabet,Bagguley,ebagguley5l@hugedomains.com,Agender,97.236.158.142
203,Clarisse,Hassur,chassur5m@engadget.com,Genderfluid,32.233.92.202
204,Moria,Veronique,mveronique5n@patch.com,Female,2.39.15.31
205,Mar,Poyzer,mpoyzer5o@dropbox.com,Male,239.15.100.107
206,Lorianna,Arents,larents5p@goo.ne.jp,Polygender,84.215.57.188
207,Raphael,MacDonough,rmacdonough5q@columbia.edu,Male,20.57.242.174
208,Terry,Morch,tmorch5r@netvibes.com,Male,213.75.47.249
209,Bendix,Odcroft,bodcroft5s@cnn.com,Male,97.25.235.34
210,Lisabeth,Duferie,lduferie5t@kickstarter.com,Female,230.137.95.23
211,Inigo,Surmeir,isurmeir5u@google.cn,Male,64.27.129.42
212,Grange,Mewis,gmewis5v@shinystat.com,Male,23.219.164.90
213,Freeland,Waddell,fwaddell5w@theatlantic.com,Male,80.231.94.104
214,Doris,Sans,dsans5x@360.cn,Female,126.94.233.82
215,Brok,Somerset,bsomerset5y@ted.com,Male,83.210.193.152
216,Viva,Fearns,vfearns5z@hhs.gov,Female,40.93.202.163
217,Violette,Pretty,vpretty60@lulu.com,Agender,151.234.142.98
218,Tiffany,Kuhnhardt,tkuhnhardt61@economist.com,Female,210.237.238.31
219,Connor,Swynfen,cswynfen62@cyberchimps.com,Male,229.116.201.142
220,Noby,Trenaman,ntrenaman63@fema.gov,Male,12.250.170.120
221,Abby,Muat,amuat64@marketwatch.com,Male,87.196.208.221
222,Heindrick,Grist,hgrist65@moonfruit.com,Male,79.189.110.116
223,Carree,Lusgdin,clusgdin66@surveymonkey.com,Female,120.138.63.57
224,Samuel,Seckington,sseckington67@live.com,Male,219.107.226.156
225,Pail,Scramage,pscramage68@ihg.com,Male,42.90.167.253
226,Harry,Schultheiss,hschultheiss69@hud.gov,Male,120.16.60.128
227,Shep,Primo,sprimo6a@indiegogo.com,Male,102.186.231.236
228,Hagen,Brasted,hbrasted6b@pagesperso-orange.fr,Male,43.123.157.176
229,Paquito,Roskruge,proskruge6c@dagondesign.com,Male,57.88.166.44
230,Jana,Longstreet,jlongstreet6d@imageshack.us,Female,46.186.102.3
231,Nissy,Gres,ngres6e@japanpost.jp,Female,241.196.111.88
232,Osmund,Kirkpatrick,okirkpatrick6f@arstechnica.com,Male,62.165.215.68
233,Toiboid,Cubin,tcubin6g@youku.com,Male,190.165.173.94
234,Annis,Conelly,aconelly6h@google.com,Female,16.59.212.117
235,Darin,Dewfall,ddewfall6i@live.com,Male,183.238.193.13
236,Earvin,Goodwill,egoodwill6j@liveinternet.ru,Male,84.56.79.6
237,Dael,Gallichiccio,dgallichiccio6k@t.co,Male,148.188.44.87
238,Kasper,Roycraft,kroycraft6l@narod.ru,Agender,103.228.151.27
239,Sharline,Paula,spaula6m@slideshare.net,Female,128.196.9.26
240,Fonzie,Dagger,fdagger6n@jiathis.com,Male,166.48.140.226
241,Francisco,Jochen,fjochen6o@dot.gov,Male,137.214.67.133
242,Hilda,Blaes,hblaes6p@nbcnews.com,Female,233.255.134.121
243,Hi,Swanton,hswanton6q@spotify.com,Male,211.117.52.123
244,Thorny,Jacob,tjacob6r@is.gd,Male,26.237.114.138
245,Isiahi,Headech,iheadech6s@stanford.edu,Male,79.229.43.111
246,Karrah,Loughlan,kloughlan6t@deliciousdays.com,Female,180.189.92.6
247,Martino,Baum,mbaum6u@xrea.com,Male,99.213.165.235
248,Augustine,Heliar,aheliar6v@hugedomains.com,Female,15.81.83.114
249,Hagen,Durman,hdurman6w@shop-pro.jp,Male,69.207.54.185
250,Stephanus,Scolli,sscolli6x@wix.com,Male,133.39.87.12
251,Berni,Bediss,bbediss6y@soup.io,Non-binary,249.52.85.134
252,Melvin,Billion,mbillion6z@census.gov,Male,182.103.157.80
253,Thorsten,Lghan,tlghan70@networkadvertising.org,Male,123.140.160.205
254,Gay,Lening,glening71@nifty.com,Female,42.66.177.210
255,Cristina,Fidoe,cfidoe72@livejournal.com,Female,125.39.185.206
256,Cassie,Canellas,ccanellas73@devhub.com,Female,223.79.68.62
257,Davide,Pickervance,dpickervance74@accuweather.com,Male,63.195.111.179
258,Penrod,Grzelak,pgrzelak75@umn.edu,Male,54.177.181.65
259,Mackenzie,Guyonneau,mguyonneau76@bloglovin.com,Male,95.252.69.102
260,Sheffield,Late,slate77@nasa.gov,Male,202.206.199.147
261,Rockwell,Bourner,rbourner78@virginia.edu,Male,249.238.31.77
262,Klara,Duffil,kduffil79@angelfire.com,Female,182.22.157.232
263,Rudie,Cardenoza,rcardenoza7a@nydailynews.com,Male,149.194.46.144
264,Ebonee,Frampton,eframpton7b@4shared.com,Female,134.223.235.224
265,Frederick,Cooper,fcooper7c@wordpress.org,Male,205.195.99.182
266,Guthry,O' Quirk,goquirk7d@go.com,Male,233.144.34.199
267,Izabel,Rawcliffe,irawcliffe7e@networkadvertising.org,Female,47.233.62.22
268,Vivyanne,Roskams,vroskams7f@answers.com,Female,199.161.56.181
269,Antone,Jacob,ajacob7g@usa.gov,Male,93.96.248.88
270,Kean,Netherwood,knetherwood7h@facebook.com,Male,4.47.95.230
271,Charmaine,Clamp,cclamp7i@1688.com,Female,147.192.195.215
272,Eward,Stowe,estowe7j@sourceforge.net,Male,113.230.84.211
273,Fredek,Szymoni,fszymoni7k@mlb.com,Male,242.202.54.157
274,Carlynne,Goldingay,cgoldingay7l@taobao.com,Female,130.34.4.252
275,Caralie,Hallybone,challybone7m@va.gov,Non-binary,249.150.239.27
276,Ailina,Mc Meekan,amcmeekan7n@sitemeter.com,Female,123.240.132.125
277,Haily,De la Zenne,hdelazenne7o@biglobe.ne.jp,Female,224.27.17.199
278,Annadiana,Petruszka,apetruszka7p@pagesperso-orange.fr,Female,92.159.151.62
279,Nari,Ricca,nricca7q@sitemeter.com,Female,225.205.108.155
280,Cecil,Randlesome,crandlesome7r@goo.gl,Genderfluid,4.111.134.103
281,Glynda,Cota,gcota7s@newsvine.com,Genderqueer,60.121.172.128
282,Wilfrid,Ledward,wledward7t@liveinternet.ru,Male,245.175.103.201
283,Adriano,Patek,apatek7u@washingtonpost.com,Male,211.71.40.31
284,Alica,Huncoot,ahuncoot7v@edublogs.org,Female,255.239.68.67
285,Tad,Sawter,tsawter7w@boston.com,Male,182.168.53.123
286,Mame,Bonnaire,mbonnaire7x@soundcloud.com,Polygender,125.227.12.146
287,Alain,Judson,ajudson7y@jigsy.com,Male,41.248.104.154
288,Remus,Giovannetti,rgiovannetti7z@vimeo.com,Male,156.100.173.155
289,Augustine,Dickson,adickson80@people.com.cn,Male,75.98.247.160
290,Norrie,Donneely,ndonneely81@spotify.com,Male,121.103.75.77
291,Tedman,Gatrill,tgatrill82@unesco.org,Male,31.245.66.180
292,Rosanne,Eustace,reustace83@businessweek.com,Female,65.60.152.189
293,Bentley,O'Corrane,bocorrane84@ning.com,Male,149.36.73.45
294,Guthrey,Alyonov,galyonov85@eepurl.com,Male,146.250.28.202
295,Elora,Hallas,ehallas86@digg.com,Female,173.60.131.216
296,Wilmar,Ruff,wruff87@eventbrite.com,Male,172.241.93.93
297,Matthieu,Tenaunt,mtenaunt88@cbslocal.com,Male,36.65.232.174
298,Ermina,Filipyev,efilipyev89@paginegialle.it,Female,121.70.168.120
299,Maiga,Connachan,mconnachan8a@amazon.co.uk,Female,132.5.169.202
300,Shepard,Guiver,sguiver8b@telegraph.co.uk,Male,202.161.107.207
301,Tim,Kilbane,tkilbane8c@elegantthemes.com,Male,209.178.136.175
302,Ogdon,Lemmers,olemmers8d@usnews.com,Male,223.133.62.75
303,Gordy,Kleinlerer,gkleinlerer8e@de.vu,Male,242.162.142.224
304,Gayla,Teague,gteague8f@domainmarket.com,Female,134.11.43.181
305,Federica,Hodges,fhodges8g@naver.com,Female,50.109.132.220
306,Ozzie,Chatterton,ochatterton8h@hud.gov,Male,125.34.96.216
307,Bail,Fearne,bfearne8i@wp.com,Male,176.120.82.65
308,Danit,Lilliman,dlilliman8j@zimbio.com,Genderfluid,248.214.88.228
309,Nady,Vaissiere,nvaissiere8k@lycos.com,Female,78.165.19.40
310,Luther,Apps,lapps8l@engadget.com,Male,25.113.2.15
311,Fleming,Winckles,fwinckles8m@phpbb.com,Male,25.225.4.116
312,Rodney,Skittrell,rskittrell8n@redcross.org,Male,183.211.212.251
313,Cloe,Baskerfield,cbaskerfield8o@wisc.edu,Female,134.174.184.132
314,Orton,Stoite,ostoite8p@technorati.com,Male,234.239.155.37
315,Virginie,Rosenstein,vrosenstein8q@woothemes.com,Female,205.233.202.191
316,Karen,Spieck,kspieck8r@csmonitor.com,Female,126.223.31.78
317,Kerrin,Bernolet,kbernolet8s@dmoz.org,Female,139.1.104.248
318,Adriano,Kensitt,akensitt8t@meetup.com,Male,168.57.69.245
319,Trudie,Reddecliffe,treddecliffe8u@china.com.cn,Female,30.235.172.52
320,Justis,Storrar,jstorrar8v@whitehouse.gov,Male,165.127.85.112
321,Karrie,Fursland,kfursland8w@howstuffworks.com,Female,15.244.123.81
322,Tate,Wolpert,twolpert8x@cocolog-nifty.com,Male,6.246.34.89
323,Vachel,Dalli,vdalli8y@nhs.uk,Male,125.105.134.110
324,Karlen,Billson,kbillson8z@liveinternet.ru,Female,176.68.50.125
325,Taber,Charville,tcharville90@github.com,Male,28.225.8.229
326,Steward,Fidilis,sfidilis91@discuz.net,Male,208.166.79.186
327,Marj,Haglinton,mhaglinton92@blogspot.com,Genderfluid,123.213.107.76
328,Lauren,Bickmore,lbickmore93@cornell.edu,Male,186.46.63.25
329,Violante,Duffet,vduffet94@chron.com,Female,150.149.200.176
330,Adham,Troucher,atroucher95@accuweather.com,Male,7.50.94.158
331,Theresina,Gyde,tgyde96@netscape.com,Female,148.117.190.26
332,Rafa,Sharpus,rsharpus97@simplemachines.org,Female,248.187.47.131
333,Maurizio,Fozard,mfozard98@statcounter.com,Male,43.136.108.80
334,Arlen,Render,arender99@intel.com,Female,99.59.74.224
335,Zarla,Pods,zpods9a@wp.com,Female,9.254.29.153
336,Raynard,Kidstoun,rkidstoun9b@cyberchimps.com,Male,229.219.246.129
337,Lazare,Durnford,ldurnford9c@tripod.com,Male,128.165.25.62
338,Lennard,Vinall,lvinall9d@1688.com,Male,57.178.199.225
339,Lynnet,Fligg,lfligg9e@mail.ru,Female,127.138.223.244
340,Berton,Vashchenko,bvashchenko9f@si.edu,Male,51.247.99.21
341,Elinore,Hadenton,ehadenton9g@foxnews.com,Female,8.42.188.149
342,Chris,Aingell,caingell9h@admin.ch,Female,197.78.128.176
343,Lilah,Aubri,laubri9i@netvibes.com,Female,10.26.120.66
344,Veda,Shuard,vshuard9j@joomla.org,Female,85.132.36.235
345,Karolina,Tyhurst,ktyhurst9k@cloudflare.com,Bigender,128.15.210.167
346,Brendan,Killimister,bkillimister9l@gov.uk,Male,221.143.46.173
347,Garvey,Breming,gbreming9m@va.gov,Male,158.24.127.86
348,Virgilio,Cave,vcave9n@wikispaces.com,Male,201.206.98.1
349,Galven,Jurczak,gjurczak9o@ft.com,Male,171.237.34.6
350,Rollins,Lehrle,rlehrle9p@dell.com,Male,196.118.58.170
351,Moishe,Farney,mfarney9q@bloomberg.com,Male,254.155.133.169
352,Edwina,Minigo,eminigo9r@blogspot.com,Female,36.255.0.9
353,Sebastiano,Pillifant,spillifant9s@hugedomains.com,Male,28.76.217.127
354,Odell,Mossdale,omossdale9t@bravesites.com,Male,161.255.162.169
355,Yves,Van Hault,yvanhault9u@dyndns.org,Male,20.207.216.230
356,Kellsie,Nix,knix9v@sfgate.com,Female,207.246.145.135
357,Brice,Huguenet,bhuguenet9w@hatena.ne.jp,Male,141.143.236.253
358,Rabi,Barks,rbarks9x@google.es,Male,99.11.53.52
359,Sid,Paprotny,spaprotny9y@facebook.com,Male,137.222.246.9
360,Brucie,Labbet,blabbet9z@myspace.com,Male,97.135.62.23
361,Vivia,Grund,vgrunda0@chron.com,Female,31.194.210.12
362,Libby,Knightley,lknightleya1@miibeian.gov.cn,Female,40.175.174.157
363,Benson,Ferrone,bferronea2@mit.edu,Male,205.185.112.74
364,Berrie,Loker,blokera3@narod.ru,Female,154.42.225.45
365,Aldric,Echalier,aechaliera4@bluehost.com,Male,186.198.109.84
366,Kiersten,Waskett,kwasketta5@dot.gov,Female,105.117.247.177
367,Winnifred,Braund,wbraunda6@tripod.com,Agender,149.209.234.84
368,Jasun,Hallowes,jhallowesa7@free.fr,Genderqueer,194.125.109.25
369,Zebedee,Strand,zstranda8@slate.com,Male,73.118.112.232
370,Sollie,Hessel,shessela9@forbes.com,Male,44.142.83.98
371,Maurie,Goadsby,mgoadsbyaa@gravatar.com,Male,35.27.51.122
372,Amye,Jenks,ajenksab@hhs.gov,Female,87.250.222.140
373,Buddie,McSherry,bmcsherryac@multiply.com,Male,82.62.174.217
374,Lelia,Utridge,lutridgead@kickstarter.com,Female,112.54.34.212
375,Amery,Press,apressae@vimeo.com,Male,29.211.189.52
376,Bobbie,Martinets,bmartinetsaf@craigslist.org,Female,97.10.242.12
377,Tabb,Hallen,thallenag@instagram.com,Male,133.143.150.92
378,Papageno,Baggarley,pbaggarleyah@opensource.org,Male,205.147.252.111
379,Joyann,Arp,jarpai@multiply.com,Female,41.171.99.92
380,Devonne,Torregiani,dtorregianiaj@ycombinator.com,Female,81.181.137.61
381,Dwight,Hagart,dhagartak@networkadvertising.org,Male,228.146.46.233
382,Gene,Heath,gheathal@cpanel.net,Female,131.137.130.234
383,Julee,Degg,jdeggam@webs.com,Female,52.96.206.44
384,Kristyn,Chesswas,kchesswasan@google.it,Female,146.193.227.32
385,Eduardo,Jaquemar,ejaquemarao@usa.gov,Male,196.202.18.59
386,Patton,Garrould,pgarrouldap@xing.com,Male,13.161.234.82
387,Arlan,Sinnett,asinnettaq@prnewswire.com,Genderqueer,40.88.196.100
388,Darelle,Correa,dcorreaar@seattletimes.com,Female,75.133.24.232
389,Ardyth,Asser,aasseras@tripadvisor.com,Genderfluid,154.34.47.34
390,Ogdan,Sivills,osivillsat@merriam-webster.com,Male,31.254.136.70
391,Ferrel,Corbitt,fcorbittau@redcross.org,Male,124.204.241.147
392,Roz,Eddowes,reddowesav@mozilla.org,Female,138.144.170.6
393,Merry,Geipel,mgeipelaw@thetimes.co.uk,Male,227.250.21.6
394,Ximenes,Vlasov,xvlasovax@google.ru,Male,156.18.179.116
395,Domeniga,McKinley,dmckinleyay@java.com,Female,71.104.145.166
396,Bradly,Strut,bstrutaz@time.com,Male,248.148.235.157
397,Winna,Pinnion,wpinnionb0@umich.edu,Female,144.173.82.127
398,Melony,Beric,mbericb1@house.gov,Female,123.203.204.45
399,Hunter,Kenwyn,hkenwynb2@pen.io,Male,106.252.12.48
400,Rhianna,Rowlstone,rrowlstoneb3@thetimes.co.uk,Female,153.106.23.191
401,Arni,Biggerdike,abiggerdikeb4@wunderground.com,Male,220.63.17.15
402,Ber,O' Shea,bosheab5@1und1.de,Male,171.222.24.5
403,Lise,Bottom,lbottomb6@chron.com,Female,103.244.162.225
404,Stormi,Garrick,sgarrickb7@bloomberg.com,Female,33.173.27.245
405,Sibelle,Gammill,sgammillb8@abc.net.au,Bigender,87.127.31.70
406,Regine,Welburn,rwelburnb9@europa.eu,Female,147.205.128.237
407,Phil,Luciano,plucianoba@moonfruit.com,Male,107.175.30.10
408,Pebrook,Dukesbury,pdukesburybb@archive.org,Male,212.228.128.40
409,Emile,Rentelll,erentelllbc@icio.us,Male,40.16.93.98
410,Mathew,Miskelly,mmiskellybd@amazon.co.jp,Male,182.170.66.216
411,Lannie,Nilles,lnillesbe@drupal.org,Male,127.206.149.61
412,Davon,Gerrett,dgerrettbf@ucla.edu,Male,173.47.21.177
413,Laurette,Scolts,lscoltsbg@cornell.edu,Female,42.72.170.53
414,Luise,McBeath,lmcbeathbh@live.com,Female,255.51.199.198
415,Gabbie,Farrens,gfarrensbi@ycombinator.com,Male,217.38.251.126
416,Tessa,Huggard,thuggardbj@netscape.com,Female,37.115.152.106
417,Donia,Barras,dbarrasbk@rambler.ru,Female,7.113.97.250
418,Berny,Djurdjevic,bdjurdjevicbl@abc.net.au,Male,63.166.52.101
419,Giorgio,Arnaudon,garnaudonbm@si.edu,Male,221.246.192.37
420,Skell,Lismore,slismorebn@cyberchimps.com,Male,138.91.232.216
421,Shep,Ghost,sghostbo@istockphoto.com,Male,232.212.253.107
422,Manny,Fillan,mfillanbp@icq.com,Male,97.207.142.28
423,Elinor,Breacher,ebreacherbq@scientificamerican.com,Female,45.99.134.191
424,Donnie,Ralestone,dralestonebr@nhs.uk,Male,42.219.125.7
425,Silvanus,Demougeot,sdemougeotbs@ebay.com,Male,217.10.145.18
426,Rory,Lamming,rlammingbt@wordpress.org,Male,235.208.4.199
427,Betty,Mulqueeny,bmulqueenybu@ucsd.edu,Female,52.34.127.99
428,Cordie,Idel,cidelbv@google.ca,Male,195.108.48.27
429,David,Currin,dcurrinbw@squarespace.com,Male,74.130.115.118
430,Kittie,Wingham,kwinghambx@symantec.com,Polygender,159.148.156.129
431,Townie,De Pero,tdeperoby@harvard.edu,Male,223.30.183.182
432,Halette,Boult,hboultbz@npr.org,Non-binary,232.37.249.138
433,Salomon,Currie,scurriec0@mapquest.com,Male,94.183.116.53
434,Gaile,Zamorrano,gzamorranoc1@ucla.edu,Male,124.88.247.95
435,Eugene,Cammis,ecammisc2@fastcompany.com,Male,234.8.8.18
436,Kale,Kohnemann,kkohnemannc3@google.it,Male,58.15.66.225
437,Humphrey,Nawton,hnawtonc4@microsoft.com,Male,74.127.114.4
438,Tye,Biggadyke,tbiggadykec5@rakuten.co.jp,Male,102.117.50.190
439,Grover,Colbertson,gcolbertsonc6@wordpress.org,Male,233.195.217.73
440,Neile,Ritch,nritchc7@plala.or.jp,Non-binary,100.82.148.217
441,Lavinia,Lighten,llightenc8@cloudflare.com,Female,176.67.56.160
442,Turner,Bradlaugh,tbradlaughc9@newsvine.com,Male,31.11.244.33
443,Tim,Kohnen,tkohnenca@bloglines.com,Female,200.16.241.149
444,Clemmy,Dilliston,cdillistoncb@angelfire.com,Male,245.245.59.208
445,Barthel,Cadore,bcadorecc@g.co,Male,129.255.125.172
446,Dean,Moorhouse,dmoorhousecd@nifty.com,Male,166.160.3.213
447,Sterne,Autin,sautince@vistaprint.com,Male,212.174.223.28
448,Quent,Hatterslay,qhatterslaycf@hao123.com,Male,123.189.217.223
449,Thorndike,Haycroft,thaycroftcg@desdev.cn,Male,122.225.179.7
450,Caralie,Studdert,cstuddertch@google.cn,Female,166.56.42.187
451,Tanya,Stibbs,tstibbsci@e-recht24.de,Female,50.82.201.32
452,Tulley,Goneau,tgoneaucj@domainmarket.com,Male,175.166.157.1
453,Lorne,Hazelden,lhazeldenck@trellian.com,Male,219.102.132.140
454,Kippie,Vallery,kvallerycl@miitbeian.gov.cn,Female,82.218.196.165
455,Corinna,Switland,cswitlandcm@independent.co.uk,Female,61.248.4.191
456,Jillane,Lathwell,jlathwellcn@google.es,Female,222.181.158.22
457,Jesselyn,Albers,jalbersco@ocn.ne.jp,Female,189.208.173.150
458,Hew,O'Rourke,horourkecp@simplemachines.org,Male,57.198.121.16
459,Vikki,Ketley,vketleycq@twitpic.com,Female,247.104.233.161
460,Claire,Caveill,ccaveillcr@1und1.de,Bigender,239.229.176.30
461,Whitney,Alans,walanscs@hhs.gov,Male,219.171.157.21
462,Otes,Limbourne,olimbournect@spiegel.de,Male,22.11.123.246
463,Jeanie,Sherrock,jsherrockcu@gnu.org,Female,73.151.161.216
464,Gwendolin,Jarley,gjarleycv@tripadvisor.com,Female,153.117.245.89
465,Bidget,de Merida,bdemeridacw@webs.com,Female,211.227.183.98
466,Gilda,Jermin,gjermincx@posterous.com,Agender,17.42.131.112
467,Abbie,Dungey,adungeycy@icq.com,Male,115.155.82.99
468,Candace,Aristide,caristidecz@dyndns.org,Female,185.85.110.224
469,Suzanne,O'Boyle,soboyled0@biblegateway.com,Female,13.106.99.123
470,Marita,Landman,mlandmand1@live.com,Female,127.137.217.120
471,Bili,Freebury,bfreeburyd2@networkadvertising.org,Female,190.247.59.111
472,Valentin,Uzielli,vuziellid3@topsy.com,Male,149.213.116.60
473,Josy,MacDougal,jmacdougald4@free.fr,Female,8.214.114.223
474,Nonah,Mate,nmated5@sun.com,Female,82.182.98.192
475,Eugenie,Marco,emarcod6@abc.net.au,Female,25.158.152.70
476,Rick,Grinham,rgrinhamd7@weibo.com,Male,204.149.120.20
477,Leigh,Kiledal,lkiledald8@baidu.com,Female,66.132.231.70
478,Edythe,Hamer,ehamerd9@reuters.com,Female,106.211.188.114
479,Terrill,Gentsch,tgentschda@mit.edu,Male,152.37.134.45
480,Nanny,Hush,nhushdb@wiley.com,Female,231.16.205.105
481,Barthel,Wogdon,bwogdondc@desdev.cn,Male,132.128.159.21
482,Sheffield,Eldon,seldondd@artisteer.com,Male,243.136.249.143
483,Perkin,Mendenhall,pmendenhallde@fema.gov,Male,194.189.207.28
484,Cully,Chominski,cchominskidf@virginia.edu,Male,149.29.177.38
485,Ham,Catterill,hcatterilldg@opera.com,Male,195.199.64.63
486,Dannie,Brenneke,dbrennekedh@java.com,Male,82.159.15.47
487,Basilius,Raimbauld,braimbaulddi@zimbio.com,Male,226.166.117.203
488,Turner,Adshede,tadshededj@scientificamerican.com,Male,24.168.99.128
489,Juan,Sanpere,jsanperedk@homestead.com,Genderfluid,30.164.180.187
490,Cindelyn,Woolway,cwoolwaydl@weebly.com,Female,185.31.63.227
491,Em,Zold,ezolddm@google.com.br,Female,87.132.9.14
492,Farris,Corss,fcorssdn@ucoz.ru,Male,175.127.166.192
493,Gris,Reuss,greussdo@cdc.gov,Male,13.10.59.237
494,Eartha,Bartholomaus,ebartholomausdp@soup.io,Female,252.181.15.67
495,Peggi,Petyanin,ppetyanindq@wp.com,Female,220.82.35.47
496,Norman,Clarkson,nclarksondr@people.com.cn,Polygender,148.64.113.139
497,Gannie,Quinton,gquintonds@spiegel.de,Male,164.185.144.245
498,Calli,Greally,cgreallydt@barnesandnoble.com,Non-binary,170.60.127.177
499,Asher,Weildish,aweildishdu@example.com,Male,202.130.104.162
500,Howey,Haselhurst,hhaselhurstdv@biglobe.ne.jp,Male,110.140.162.146
501,Fidelity,Edwinson,fedwinsondw@who.int,Female,37.208.192.234
502,Kalila,Horstead,khorsteaddx@twitpic.com,Female,61.151.227.212
503,Fae,Wagge,fwaggedy@cisco.com,Female,220.172.241.75
504,Claudell,Nicholl,cnicholldz@miibeian.gov.cn,Male,57.73.163.101
505,Mella,Drakers,mdrakerse0@mozilla.com,Female,20.152.215.27
506,Kerrill,Knowlys,kknowlyse1@oaic.gov.au,Female,31.98.204.10
507,Adriana,Kreber,akrebere2@kickstarter.com,Female,87.13.31.238
508,Kipp,Mateo,kmateoe3@oaic.gov.au,Female,81.192.164.250
509,Casper,Gulliman,cgullimane4@illinois.edu,Genderfluid,20.116.151.38
510,Kinsley,Corley,kcorleye5@dailymail.co.uk,Male,218.144.204.139
511,Leticia,Oxenden,loxendene6@princeton.edu,Female,49.250.202.161
512,Joice,Guerola,jguerolae7@taobao.com,Female,229.216.183.195
513,Frans,Axcel,faxcele8@narod.ru,Male,223.76.203.141
514,Foster,Mongeot,fmongeote9@cisco.com,Male,106.71.117.148
515,Kim,Spellessy,kspellessyea@europa.eu,Female,157.201.8.225
516,Valentine,Bravington,vbravingtoneb@who.int,Male,133.132.30.181
517,Taylor,Sciacovelli,tsciacovelliec@apple.com,Genderfluid,196.119.142.98
518,Shena,Ritchings,sritchingsed@nature.com,Female,11.62.29.217
519,Peggie,Challens,pchallensee@prnewswire.com,Female,235.66.148.97
520,Miles,Shropsheir,mshropsheiref@berkeley.edu,Male,20.198.198.130
521,Barbey,Zimmermeister,bzimmermeistereg@vistaprint.com,Female,146.62.147.18
522,Felike,Matskiv,fmatskiveh@soup.io,Male,228.117.223.25
523,Lauren,Chevolleau,lchevolleauei@hp.com,Male,226.34.5.39
524,Vilhelmina,Lucus,vlucusej@wordpress.com,Female,218.28.71.230
525,Logan,Jephcott,ljephcottek@ocn.ne.jp,Male,188.94.225.64
526,Pietrek,Frostick,pfrostickel@nationalgeographic.com,Male,98.38.204.254
527,Kania,Cullerne,kcullerneem@soundcloud.com,Female,100.120.59.50
528,Thaxter,McNeachtain,tmcneachtainen@unicef.org,Male,161.195.7.234
529,Aloin,Eastam,aeastameo@cargocollective.com,Male,178.38.79.24
530,Farris,Verry,fverryep@fda.gov,Male,58.119.101.9
531,Pietrek,Connichie,pconnichieeq@1und1.de,Male,26.83.165.75
532,Carter,Baston,cbastoner@unc.edu,Male,9.105.130.98
533,Abagael,De Maine,ademainees@mapquest.com,Female,95.103.26.176
534,Dani,Rozsa,drozsaet@answers.com,Female,3.199.184.128
535,Lucky,Cockney,lcockneyeu@mapy.cz,Female,218.60.28.140
536,Kenn,Vreiberg,kvreibergev@gov.uk,Male,79.168.185.120
537,Heath,Rosenkranc,hrosenkrancew@naver.com,Genderfluid,33.12.73.246
538,Ulberto,Ridsdell,uridsdellex@ask.com,Male,238.140.66.254
539,Arnie,Dudney,adudneyey@prnewswire.com,Male,74.79.48.77
540,Livia,Bewfield,lbewfieldez@360.cn,Female,4.142.42.21
541,Tiena,Tyhurst,ttyhurstf0@fda.gov,Non-binary,93.10.0.235
542,Anthea,Jobling,ajoblingf1@1688.com,Female,4.155.76.252
543,Agnese,Camble,acamblef2@aol.com,Female,50.129.188.97
544,Cacilia,Kruszelnicki,ckruszelnickif3@amazon.com,Female,250.149.254.164
545,Karlie,Fetherston,kfetherstonf4@stanford.edu,Female,28.112.96.195
546,Myrwyn,Scothern,mscothernf5@omniture.com,Male,80.147.143.56
547,Ravi,Azemar,razemarf6@timesonline.co.uk,Male,46.136.100.10
548,Walden,While,wwhilef7@trellian.com,Male,42.31.224.215
549,Mackenzie,Hutcheon,mhutcheonf8@etsy.com,Male,208.223.0.176
550,Ronald,Jamieson,rjamiesonf9@netscape.com,Male,102.240.239.158
551,Kira,Iggulden,kigguldenfa@pbs.org,Female,146.36.225.18
552,Cobby,Terney,cterneyfb@sciencedirect.com,Male,75.204.176.51
553,Damon,Fills,dfillsfc@reddit.com,Male,37.185.189.0
554,Jephthah,Matijasevic,jmatijasevicfd@wunderground.com,Male,138.146.39.129
555,Lanae,Scyone,lscyonefe@umich.edu,Female,195.195.191.109
556,Mikaela,McKernon,mmckernonff@prlog.org,Genderfluid,219.69.240.231
557,Nikola,Yegorov,nyegorovfg@nbcnews.com,Male,184.51.125.119
558,Lynn,Arlett,larlettfh@narod.ru,Agender,37.16.66.222
559,Dorelle,Pelosi,dpelosifi@yahoo.com,Female,122.147.33.51
560,Adelheid,Surphliss,asurphlissfj@surveymonkey.com,Female,14.30.83.155
561,Carlynne,Stadden,cstaddenfk@last.fm,Female,68.250.189.219
562,Sigismondo,Colchett,scolchettfl@mac.com,Male,143.106.95.28
563,Reid,Canniffe,rcanniffefm@posterous.com,Male,35.126.246.244
564,Rosy,Vanyukhin,rvanyukhinfn@paypal.com,Female,30.90.234.96
565,Tyrone,Lethabridge,tlethabridgefo@thetimes.co.uk,Male,239.240.48.238
566,Jelene,Biddiss,jbiddissfp@disqus.com,Female,156.11.166.34
567,Thomasa,Atwel,tatwelfq@wikia.com,Female,103.92.203.208
568,Cullin,Kitchener,ckitchenerfr@reuters.com,Male,102.171.219.194
569,Cece,Rhubottom,crhubottomfs@businessinsider.com,Male,204.201.141.19
570,Maximilian,Christer,mchristerft@diigo.com,Male,83.252.236.38
571,Jacinta,Scamerden,jscamerdenfu@chronoengine.com,Female,62.39.246.209
572,Dick,Savill,dsavillfv@psu.edu,Male,178.145.22.229
573,Debby,Raden,dradenfw@webs.com,Female,120.182.179.139
574,Moll,Conway,mconwayfx@archive.org,Female,250.207.74.14
575,Nanice,Gask,ngaskfy@webmd.com,Female,34.133.202.83
576,Stephi,Leaney,sleaneyfz@angelfire.com,Female,49.221.20.156
577,Seamus,Caroll,scarollg0@mail.ru,Non-binary,223.67.156.222
578,Hermione,Mickan,hmickang1@wufoo.com,Female,146.160.15.160
579,Gideon,Rawsthorne,grawsthorneg2@guardian.co.uk,Male,42.87.152.140
580,Dyanne,Callister,dcallisterg3@geocities.jp,Female,235.203.171.131
581,Gabrielle,Strase,gstraseg4@prnewswire.com,Female,60.31.241.64
582,Ly,Dionsetto,ldionsettog5@rambler.ru,Male,70.7.80.154
583,Shannen,Lovelady,sloveladyg6@yellowbook.com,Female,11.188.82.104
584,Perri,Shimman,pshimmang7@netscape.com,Female,24.136.11.70
585,Lynne,Petran,lpetrang8@paginegialle.it,Female,47.208.86.24
586,Gerianna,Espinay,gespinayg9@unc.edu,Female,18.171.31.36
587,Darryl,Algate,dalgatega@yahoo.com,Male,118.47.179.145
588,Enrique,Thorwarth,ethorwarthgb@clickbank.net,Male,144.65.205.12
589,Lamond,Grist,lgristgc@yolasite.com,Polygender,147.60.111.192
590,Ole,Redan,oredangd@eventbrite.com,Male,3.254.29.22
591,Clive,Ciccerale,ccicceralege@meetup.com,Male,245.176.191.135
592,Aarika,Sherratt,asherrattgf@biblegateway.com,Female,47.253.37.103
593,Hendrik,Jinkin,hjinkingg@sbwire.com,Male,44.74.18.226
594,Chrotoem,Phillippo,cphillippogh@ocn.ne.jp,Male,157.240.133.190
595,Shane,Cattermull,scattermullgi@cnn.com,Male,189.111.249.208
596,Goldia,Kettley,gkettleygj@usnews.com,Female,255.162.188.42
597,Adria,Stotherfield,astotherfieldgk@illinois.edu,Female,35.43.83.140
598,Dory,Ratt,drattgl@livejournal.com,Bigender,160.131.8.21
599,Darsie,Latter,dlattergm@mozilla.org,Agender,231.202.223.235
600,Drusie,McGeffen,dmcgeffengn@ifeng.com,Female,74.197.64.13
601,Simon,Ellaway,sellawaygo@ifeng.com,Male,41.56.59.66
602,Emmi,Bachellier,ebachelliergp@ucoz.ru,Female,81.245.201.250
603,Daile,Christoforou,dchristoforougq@utexas.edu,Female,32.247.114.99
604,Evered,Daniele,edanielegr@samsung.com,Male,192.148.129.210
605,Orelle,Breinl,obreinlgs@addtoany.com,Female,24.149.124.222
606,Danie,Bartolic,dbartolicgt@spiegel.de,Genderfluid,97.206.132.202
607,Brittani,Jillions,bjillionsgu@wikimedia.org,Female,104.168.12.72
608,Andie,Van der Hoeven,avanderhoevengv@japanpost.jp,Male,137.255.147.159
609,Gloriana,Fellgatt,gfellgattgw@sakura.ne.jp,Female,145.20.141.117
610,Patrick,Dawnay,pdawnaygx@utexas.edu,Agender,110.157.202.119
611,Xylina,Halt,xhaltgy@yellowbook.com,Female,177.48.116.111
612,Penelope,Lynam,plynamgz@dyndns.org,Female,121.248.250.227
613,Drona,Doswell,ddoswellh0@de.vu,Female,34.246.156.150
614,Rudy,Witherow,rwitherowh1@geocities.jp,Male,75.200.151.90
615,Ceil,Fley,cfleyh2@flickr.com,Female,227.146.31.249
616,Nicole,Goundsy,ngoundsyh3@wix.com,Female,179.61.186.240
617,Nonnah,Jerok,njerokh4@yelp.com,Polygender,129.59.226.253
618,Maitilde,Fretson,mfretsonh5@stanford.edu,Female,130.105.138.81
619,Thoma,Mawne,tmawneh6@mysql.com,Male,236.169.85.129
620,Reube,Shotton,rshottonh7@who.int,Male,21.87.136.209
621,Enos,Hughlock,ehughlockh8@eepurl.com,Male,210.200.62.181
622,Ingelbert,Dowdeswell,idowdeswellh9@unc.edu,Male,8.237.65.211
623,Kerianne,Daudray,kdaudrayha@ucla.edu,Female,17.151.118.224
624,Annabela,Enderson,aendersonhb@360.cn,Polygender,38.138.188.39
625,Davidson,Benge,dbengehc@usgs.gov,Male,95.118.187.239
626,Esdras,Stanworth,estanworthhd@msn.com,Male,175.138.99.31
627,Emeline,Andreazzi,eandreazzihe@samsung.com,Female,189.151.200.94
628,Koren,Owers,kowershf@wunderground.com,Female,88.194.12.188
629,Brittaney,Jodkowski,bjodkowskihg@un.org,Female,250.75.208.155
630,Zack,Muncer,zmuncerhh@nbcnews.com,Male,188.101.233.27
631,Mada,Yanyshev,myanyshevhi@cyberchimps.com,Female,148.203.255.26
632,Tamqrah,Dunbar,tdunbarhj@parallels.com,Female,78.228.128.244
633,D'arcy,Wilkenson,dwilkensonhk@kickstarter.com,Male,86.25.215.249
634,Lisle,Fortnam,lfortnamhl@tamu.edu,Male,201.218.139.204
635,Massimiliano,Spraggs,mspraggshm@dion.ne.jp,Male,231.186.153.140
636,Hortense,Thowless,hthowlesshn@blogs.com,Non-binary,134.196.73.158
637,Frazer,Clabburn,fclabburnho@cam.ac.uk,Male,19.1.47.115
638,Costanza,Artis,cartishp@squarespace.com,Female,133.239.11.149
639,Ryan,Whyborn,rwhybornhq@multiply.com,Male,103.199.171.112
640,Tim,Aldie,taldiehr@ibm.com,Male,159.163.54.46
641,Nani,Love,nlovehs@dailymail.co.uk,Female,118.87.171.206
642,Tripp,Duncombe,tduncombeht@indiatimes.com,Male,47.27.40.105
643,Neysa,Dawbery,ndawberyhu@github.com,Female,251.232.19.173
644,Mariska,Allcock,mallcockhv@wikipedia.org,Genderfluid,64.189.206.255
645,Garv,Pelman,gpelmanhw@google.fr,Male,162.31.128.41
646,Lorraine,Dorsey,ldorseyhx@ustream.tv,Female,165.161.133.136
647,Cherise,Fernao,cfernaohy@addtoany.com,Female,156.244.170.43
648,Jarid,Hales,jhaleshz@telegraph.co.uk,Male,228.30.98.240
649,Lexie,Cronshaw,lcronshawi0@jalbum.net,Bigender,149.180.73.242
650,Berta,Butterwick,bbutterwicki1@yellowbook.com,Female,99.114.192.0
651,Nancie,Russan,nrussani2@ustream.tv,Female,111.246.180.83
652,Garrard,Blandamore,gblandamorei3@exblog.jp,Male,243.29.215.127
653,Tracy,Toor,ttoori4@hud.gov,Female,204.21.255.38
654,Sadye,Keat,skeati5@qq.com,Non-binary,162.207.33.84
655,Trescha,Cossom,tcossomi6@lycos.com,Female,244.191.186.174
656,Sherwood,Halpin,shalpini7@nba.com,Agender,89.211.114.155
657,Rafael,Blanning,rblanningi8@cloudflare.com,Male,81.66.142.116
658,Morris,Rosson,mrossoni9@trellian.com,Male,68.66.211.118
659,Renault,Pitbladdo,rpitbladdoia@unesco.org,Male,148.21.105.185
660,Avrit,Feldmark,afeldmarkib@google.co.uk,Female,18.221.93.41
661,Cleve,Petris,cpetrisic@xing.com,Male,255.50.31.103
662,Ana,Realph,arealphid@cafepress.com,Female,142.192.168.45
663,Pebrook,Fawdry,pfawdryie@macromedia.com,Male,122.196.163.158
664,Dru,Hise,dhiseif@reuters.com,Female,207.90.253.206
665,Ynez,Wilmut,ywilmutig@squarespace.com,Female,70.148.141.83
666,Nehemiah,Faughnan,nfaughnanih@sciencedaily.com,Male,152.90.102.226
667,Derrik,Yetts,dyettsii@ca.gov,Male,73.126.182.141
668,Frazer,Yerson,fyersonij@wp.com,Male,72.87.26.149
669,Egbert,Brogiotti,ebrogiottiik@paginegialle.it,Male,210.117.135.198
670,Elwira,Johl,ejohlil@cloudflare.com,Non-binary,56.65.200.185
671,Sanson,Emeney,semeneyim@desdev.cn,Male,124.237.110.17
672,Alvan,Kimbury,akimburyin@myspace.com,Male,112.60.229.131
673,Jerrold,Showers,jshowersio@theguardian.com,Male,249.171.9.189
674,Aggie,McAndie,amcandieip@utexas.edu,Female,186.162.19.73
675,Basil,Bernakiewicz,bbernakiewicziq@meetup.com,Male,233.198.253.155
676,Rabi,Hillett,rhillettir@nifty.com,Male,140.234.132.117
677,Miriam,Chitter,mchitteris@wikipedia.org,Female,225.180.69.174
678,Silvano,Franzonello,sfranzonelloit@netlog.com,Male,85.170.11.159
679,Colby,Hasty,chastyiu@ameblo.jp,Male,54.164.77.166
680,Papageno,Rosenstiel,prosenstieliv@i2i.jp,Male,235.114.31.62
681,Micheil,Wigsell,mwigselliw@shop-pro.jp,Male,52.66.195.208
682,Timmy,Freddi,tfreddiix@indiatimes.com,Male,143.3.36.81
683,Katerine,Barlass,kbarlassiy@zdnet.com,Female,140.31.225.255
684,Gare,Santer,gsanteriz@house.gov,Bigender,169.166.58.107
685,Briana,Evesque,bevesquej0@tumblr.com,Genderqueer,54.121.70.93
686,Temple,Santino,tsantinoj1@omniture.com,Male,250.198.202.20
687,Marianne,Campion,mcampionj2@nps.gov,Female,0.251.254.189
688,Kevyn,Hyrons,khyronsj3@patch.com,Female,169.108.253.32
689,Jody,Rippen,jrippenj4@si.edu,Male,235.166.146.140
690,Emmalynne,Cornelisse,ecornelissej5@cmu.edu,Female,238.175.145.181
691,Elsy,Vase,evasej6@gravatar.com,Female,180.33.252.158
692,Miner,Corragan,mcorraganj7@vinaora.com,Male,158.212.134.196
693,Gerti,Jeandet,gjeandetj8@jalbum.net,Female,56.233.135.41
694,Lucille,Baise,lbaisej9@webnode.com,Female,43.240.215.48
695,Stanton,Annell,sannellja@weibo.com,Male,70.148.246.177
696,Maison,Myrtle,mmyrtlejb@blogspot.com,Male,8.8.34.165
697,Winna,Eberdt,weberdtjc@yale.edu,Bigender,1.108.4.29
698,Coleen,Rivitt,crivittjd@slideshare.net,Female,90.110.5.56
699,Nickolai,Lugard,nlugardje@webs.com,Male,96.90.181.209
700,Dorette,Frier,dfrierjf@ftc.gov,Female,47.241.174.200
701,Tiebout,Belliveau,tbelliveaujg@google.co.jp,Male,252.180.8.74
702,Hebert,Buchan,hbuchanjh@aol.com,Male,37.113.23.248
703,Tiena,Jossum,tjossumji@bloglovin.com,Female,181.134.97.6
704,Timmie,Hiseman,thisemanjj@gov.uk,Female,141.133.246.58
705,Art,Colaco,acolacojk@infoseek.co.jp,Non-binary,165.183.245.0
706,Yance,Janecek,yjanecekjl@aboutads.info,Male,32.204.23.161
707,Welby,Moakler,wmoaklerjm@meetup.com,Male,91.78.38.254
708,Jermayne,Lidbetter,jlidbetterjn@berkeley.edu,Male,171.36.44.151
709,Jeanine,Elsop,jelsopjo@vk.com,Female,119.71.146.20
710,Petronille,Wadsworth,pwadsworthjp@networksolutions.com,Non-binary,92.190.99.197
711,Othelia,Drane,odranejq@microsoft.com,Female,253.30.152.25
712,Burk,Franzman,bfranzmanjr@e-recht24.de,Male,76.56.111.20
713,Jessamyn,Sweedland,jsweedlandjs@google.fr,Female,36.25.128.12
714,Derrick,Kesten,dkestenjt@home.pl,Male,112.47.182.160
715,Robby,McIlharga,rmcilhargaju@unc.edu,Female,189.235.27.210
716,Branden,Rameaux,brameauxjv@biglobe.ne.jp,Male,169.214.179.164
717,Hoyt,Woolvett,hwoolvettjw@unicef.org,Male,92.184.46.254
718,Janna,Joslow,jjoslowjx@aboutads.info,Female,127.143.252.220
719,Manfred,Thornham,mthornhamjy@hp.com,Male,126.213.79.187
720,Katalin,Nials,knialsjz@bandcamp.com,Female,67.99.240.89
721,Nat,Bathow,nbathowk0@howstuffworks.com,Non-binary,168.22.244.42
722,Wallis,Martina,wmartinak1@wufoo.com,Male,216.154.137.245
723,Emory,Knapton,eknaptonk2@boston.com,Male,145.229.80.63
724,Yolane,Jansey,yjanseyk3@eepurl.com,Female,114.144.153.231
725,Rafaelia,Outhwaite,routhwaitek4@nsw.gov.au,Female,28.193.178.17
726,Orson,Beckitt,obeckittk5@smugmug.com,Male,66.54.147.84
727,Garvy,MacGarrity,gmacgarrityk6@squidoo.com,Male,142.208.40.210
728,Brockie,Diemer,bdiemerk7@list-manage.com,Male,73.91.182.85
729,Korney,Cantua,kcantuak8@livejournal.com,Female,57.61.43.46
730,Caterina,Nutbrown,cnutbrownk9@baidu.com,Agender,189.163.255.195
731,Moll,Canaan,mcanaanka@huffingtonpost.com,Female,54.194.135.126
732,Auberon,Krzyzaniak,akrzyzaniakkb@qq.com,Bigender,1.84.216.23
733,Juana,McKeeman,jmckeemankc@earthlink.net,Female,80.38.36.72
734,Jonis,Sturridge,jsturridgekd@a8.net,Genderqueer,114.142.155.70
735,Abigale,Martini,amartinike@uiuc.edu,Genderqueer,181.80.174.221
736,Jayme,Zorn,jzornkf@unblog.fr,Male,112.248.78.104
737,Orelie,Gimert,ogimertkg@oaic.gov.au,Female,23.26.98.8
738,Lay,Gingell,lgingellkh@aboutads.info,Male,253.83.211.231
739,Billie,Mutimer,bmutimerki@guardian.co.uk,Female,255.251.248.50
740,Verney,Spikeings,vspikeingskj@histats.com,Male,105.85.28.115
741,Harrietta,Reary,hrearykk@meetup.com,Female,141.115.13.249
742,Nicolle,Lockart,nlockartkl@flavors.me,Female,16.82.151.5
743,Dory,Toulch,dtoulchkm@vimeo.com,Male,196.103.74.18
744,Christophe,McPartlin,cmcpartlinkn@pbs.org,Male,146.123.252.187
745,Huey,Castelain,hcastelainko@list-manage.com,Male,130.176.38.126
746,Roger,Durbyn,rdurbynkp@ibm.com,Male,53.72.63.6
747,Reginauld,Cogdell,rcogdellkq@jugem.jp,Male,75.166.239.216
748,Darby,Levermore,dlevermorekr@mit.edu,Female,209.46.88.1
749,Violette,Craise,vcraiseks@prlog.org,Female,54.138.100.141
750,Durant,Beddard,dbeddardkt@youtube.com,Male,58.14.212.97
751,Marinna,Wallbank,mwallbankku@prweb.com,Female,230.138.42.32
752,Avigdor,Sayburn,asayburnkv@storify.com,Male,160.230.62.62
753,Alfie,Osburn,aosburnkw@hugedomains.com,Male,131.61.123.111
754,Kristoffer,Freed,kfreedkx@linkedin.com,Male,244.128.101.145
755,Ev,Dabling,edablingky@psu.edu,Male,18.221.50.85
756,Cari,Payton,cpaytonkz@yahoo.com,Female,194.224.129.70
757,Claudius,Musicka,cmusickal0@scribd.com,Male,69.195.254.177
758,Aloise,Gianninotti,agianninottil1@hud.gov,Female,243.84.39.134
759,Shirlee,Tiddy,stiddyl2@reverbnation.com,Female,191.122.214.119
760,Ewell,Marques,emarquesl3@google.com.au,Male,191.59.176.205
761,Worth,Stapleton,wstapletonl4@ucla.edu,Male,78.49.98.61
762,Claire,Van Niekerk,cvanniekerkl5@ezinearticles.com,Male,186.208.22.225
763,Abagael,Caddie,acaddiel6@indiatimes.com,Female,232.236.201.159
764,Niel,Farnham,nfarnhaml7@ning.com,Male,243.238.156.97
765,Chick,Siret,csiretl8@xing.com,Male,199.235.8.56
766,Ediva,Patillo,epatillol9@shutterfly.com,Female,55.120.134.212
767,Fredric,Redparth,fredparthla@guardian.co.uk,Male,78.26.118.37
768,Carolyne,Playle,cplaylelb@indiatimes.com,Female,87.37.165.202
769,Merwyn,Izkovitch,mizkovitchlc@tinypic.com,Male,22.45.154.19
770,Renae,Chilcott,rchilcottld@hubpages.com,Female,210.60.145.45
771,Farlee,Morrieson,fmorriesonle@statcounter.com,Male,88.202.10.24
772,Lura,Arnull,larnulllf@webeden.co.uk,Female,110.135.137.160
773,Bruce,Stoyell,bstoyelllg@altervista.org,Male,19.173.103.128
774,Catlin,Dieton,cdietonlh@wikimedia.org,Female,202.62.13.206
775,Wain,Heimes,wheimesli@gravatar.com,Male,58.254.252.49
776,Rosina,Mattin,rmattinlj@myspace.com,Female,17.219.149.2
777,Dennie,Mitchelmore,dmitchelmorelk@mashable.com,Female,218.251.192.237
778,Welsh,Crielly,wcriellyll@yandex.ru,Male,119.132.164.82
779,Brigit,Pury,bpurylm@imdb.com,Bigender,103.136.74.179
780,Zed,Shercliff,zshercliffln@ucoz.ru,Male,22.16.159.205
781,Marlo,Veness,mvenesslo@bigcartel.com,Female,110.3.94.4
782,Gideon,MacLeese,gmacleeselp@guardian.co.uk,Male,130.36.236.41
783,Kippie,Gerrett,kgerrettlq@rakuten.co.jp,Female,143.239.92.78
784,Bili,Dickerson,bdickersonlr@amazon.de,Female,38.178.18.123
785,Aurelie,Monck,amonckls@nhs.uk,Female,244.7.191.187
786,Kaja,Tolfrey,ktolfreylt@edublogs.org,Female,48.184.144.226
787,Lucian,Philp,lphilplu@youku.com,Male,40.51.231.141
788,Pincus,Gregorace,pgregoracelv@vinaora.com,Male,208.11.119.27
789,Beatrice,Luter,bluterlw@ibm.com,Polygender,49.105.247.211
790,Alie,Dedrick,adedricklx@biglobe.ne.jp,Female,194.160.43.200
791,Jessika,Myhan,jmyhanly@skype.com,Female,76.231.46.195
792,Manny,Klebes,mklebeslz@sogou.com,Male,167.175.186.229
793,Humfried,Chavrin,hchavrinm0@slate.com,Male,162.238.252.146
794,Bertha,Clemente,bclementem1@paypal.com,Female,95.118.226.110
795,Adolphus,Cressingham,acressinghamm2@yale.edu,Male,187.160.153.177
796,Nanette,Bage,nbagem3@mac.com,Female,40.52.11.95
797,Elinore,Gligorijevic,egligorijevicm4@prweb.com,Non-binary,143.156.97.197
798,Roderich,Buntin,rbuntinm5@drupal.org,Male,226.183.77.130
799,Lil,Mattusevich,lmattusevichm6@loc.gov,Female,62.12.87.18
800,Norbert,Laxe,nlaxem7@booking.com,Male,92.199.64.39
801,Miguelita,Sissel,msisselm8@twitpic.com,Female,53.205.208.212
802,Brandais,Gallanders,bgallandersm9@loc.gov,Female,103.83.40.97
803,Clarke,Rubens,crubensma@xinhuanet.com,Male,211.21.146.4
804,Sascha,L'Hommeau,slhommeaumb@example.com,Male,93.90.127.148
805,Frederic,Guild,fguildmc@about.com,Male,154.15.190.47
806,Maxine,Maly,mmalymd@ebay.co.uk,Female,161.189.181.251
807,Hermie,Haughin,hhaughinme@rakuten.co.jp,Male,136.103.11.141
808,Caren,Offener,coffenermf@cnn.com,Female,124.210.137.151
809,Temp,Reder,tredermg@barnesandnoble.com,Male,104.105.45.158
810,Trix,Di Boldi,tdiboldimh@state.gov,Female,40.249.123.226
811,Marijo,Matevushev,mmatevushevmi@npr.org,Female,254.180.158.192
812,Ardyce,Smedmoor,asmedmoormj@businesswire.com,Female,89.222.55.184
813,Francisco,Zimmerman,fzimmermanmk@mozilla.org,Bigender,144.137.111.204
814,Alphonse,Gooms,agoomsml@redcross.org,Male,85.28.211.166
815,Silvester,Byfford,sbyffordmm@shinystat.com,Male,177.110.252.30
816,Deeanne,Wilman,dwilmanmn@dailymotion.com,Female,0.241.248.175
817,Diana,Canto,dcantomo@ox.ac.uk,Female,99.136.204.195
818,Emma,Croot,ecrootmp@technorati.com,Female,95.145.121.146
819,Daisie,Doige,ddoigemq@scribd.com,Female,117.175.252.80
820,Lesley,Weedenburg,lweedenburgmr@mac.com,Female,129.230.139.188
821,Lotta,Martinet,lmartinetms@independent.co.uk,Female,184.32.178.161
822,Zacharie,Nudde,znuddemt@narod.ru,Male,233.12.192.6
823,Fleming,Plume,fplumemu@domainmarket.com,Male,251.48.27.4
824,Jodie,Mableson,jmablesonmv@time.com,Male,75.231.131.117
825,Lesli,Chinnery,lchinnerymw@a8.net,Female,80.133.78.12
826,Penrod,Bolding,pboldingmx@ebay.com,Male,84.169.189.191
827,Caresa,Reye,creyemy@vimeo.com,Female,37.165.222.196
828,Graeme,Junes,gjunesmz@gizmodo.com,Male,239.103.136.133
829,Charisse,Winship,cwinshipn0@xinhuanet.com,Agender,71.114.64.94
830,Hertha,Robken,hrobkenn1@apple.com,Female,161.95.118.172
831,Worthington,Eagles,weaglesn2@oakley.com,Male,89.35.67.86
832,Farlee,Andrzej,fandrzejn3@cocolog-nifty.com,Male,208.189.74.244
833,Jarad,Andreas,jandreasn4@vk.com,Polygender,226.222.126.220
834,Wernher,Warde,wwarden5@addtoany.com,Male,11.0.160.28
835,Guglielmo,Grinyer,ggrinyern6@tumblr.com,Male,142.79.218.216
836,Jeffrey,Edgeson,jedgesonn7@fc2.com,Male,225.219.149.98
837,Romonda,MacShirrie,rmacshirrien8@fda.gov,Female,73.104.240.24
838,Marlyn,Luscombe,mluscomben9@cbsnews.com,Female,210.177.241.202
839,Immanuel,Thorpe,ithorpena@shinystat.com,Bigender,204.246.99.27
840,Bink,Strase,bstrasenb@delicious.com,Male,228.141.7.241
841,Thorstein,Peto,tpetonc@ning.com,Male,247.164.132.58
842,Benoit,Ineson,binesonnd@creativecommons.org,Male,162.9.100.214
843,Amalita,Desseine,adesseinene@free.fr,Non-binary,118.179.247.191
844,Elspeth,Tice,eticenf@biblegateway.com,Female,220.152.231.64
845,Garrott,Dahlback,gdahlbackng@mayoclinic.com,Agender,110.248.13.239
846,Vail,Vaughan,vvaughannh@discovery.com,Male,21.89.37.131
847,Aurthur,Love,aloveni@ihg.com,Male,157.17.179.145
848,Giraldo,Braithwaite,gbraithwaitenj@fema.gov,Male,244.215.97.43
849,Hayley,Bocke,hbockenk@photobucket.com,Female,94.161.152.64
850,Alain,Tippell,atippellnl@goo.ne.jp,Male,201.55.234.94
851,Ulrick,Pavia,upavianm@pagesperso-orange.fr,Male,208.153.115.119
852,Gordy,Kennler,gkennlernn@narod.ru,Male,126.238.126.192
853,Delano,Primrose,dprimroseno@liveinternet.ru,Genderfluid,178.174.161.252
854,Packston,Crocken,pcrockennp@ycombinator.com,Male,210.133.51.194
855,Thomasin,Ofen,tofennq@google.com,Female,201.33.247.183
856,Cathleen,Mendez,cmendeznr@last.fm,Female,170.44.231.127
857,Laurianne,Coniam,lconiamns@cyberchimps.com,Female,73.44.155.76
858,Shoshanna,Mc-Kerley,smckerleynt@e-recht24.de,Female,74.13.98.239
859,Gerry,Niave,gniavenu@nps.gov,Female,167.212.139.187
860,Madalena,Fairbrace,mfairbracenv@issuu.com,Female,159.234.60.223
861,Claudius,Fantone,cfantonenw@oracle.com,Male,41.125.156.74
862,Walliw,Moulden,wmouldennx@sun.com,Female,134.26.237.132
863,Hughie,Rous,hrousny@foxnews.com,Male,54.190.48.42
864,Germaine,Sykes,gsykesnz@qq.com,Female,121.78.47.123
865,Rube,Wintersgill,rwintersgillo0@ask.com,Male,244.246.46.243
866,Tyson,Izaac,tizaaco1@mlb.com,Male,76.16.255.136
867,Krishna,Lambersen,klamberseno2@yolasite.com,Male,55.202.104.136
868,Mozes,Dangl,mdanglo3@domainmarket.com,Male,151.59.182.198
869,Prudy,Janiszewski,pjaniszewskio4@intel.com,Female,6.97.207.190
870,Lucila,Kennaway,lkennawayo5@ucoz.ru,Female,240.227.17.126
871,Addy,Cowser,acowsero6@hc360.com,Female,62.44.39.67
872,Faulkner,Geerits,fgeeritso7@theguardian.com,Male,19.39.180.39
873,Ryan,Brittin,rbrittino8@etsy.com,Male,164.145.63.11
874,Breena,Taylerson,btaylersono9@about.me,Female,6.106.155.217
875,Gladys,Bewly,gbewlyoa@redcross.org,Female,182.191.215.52
876,Lani,Cornuau,lcornuauob@creativecommons.org,Female,229.152.55.43
877,Emelina,Bakes,ebakesoc@icio.us,Female,126.127.9.160
878,Randy,Hamlett,rhamlettod@army.mil,Female,107.114.146.16
879,Ariella,Buntin,abuntinoe@sina.com.cn,Female,86.242.1.195
880,Conn,Lorenzin,clorenzinof@multiply.com,Male,53.23.251.232
881,Silvain,Dallicoat,sdallicoatog@tiny.cc,Agender,22.215.31.234
882,Manon,D'orsay,mdorsayoh@nydailynews.com,Female,30.97.57.118
883,Benyamin,Pietrowicz,bpietrowiczoi@jiathis.com,Male,101.183.47.96
884,Renaud,Glasard,rglasardoj@skype.com,Male,112.149.118.108
885,Ethelred,Haughian,ehaughianok@technorati.com,Male,125.107.119.235
886,Susan,MacClancey,smacclanceyol@twitter.com,Female,241.139.127.251
887,Thane,Munkton,tmunktonom@ocn.ne.jp,Male,64.156.173.51
888,Ulick,Jurgenson,ujurgensonon@webmd.com,Male,22.13.134.147
889,Nevsa,Tumini,ntuminioo@squidoo.com,Female,43.19.196.73
890,Gerhard,Cordel,gcordelop@jimdo.com,Non-binary,144.153.177.28
891,Michael,Paiton,mpaitonoq@t.co,Male,51.128.226.142
892,Bink,Carman,bcarmanor@webeden.co.uk,Male,219.128.209.183
893,Darrin,Dake,ddakeos@ask.com,Male,231.90.30.207
894,Nikolaus,Gibberd,ngibberdot@unicef.org,Male,134.161.163.206
895,Claudian,Titchen,ctitchenou@theguardian.com,Male,172.193.39.222
896,Shamus,Steet,ssteetov@yahoo.com,Male,49.88.206.190
897,Veriee,Klauber,vklauberow@elegantthemes.com,Female,100.79.172.166
898,Tami,Hollerin,thollerinox@wikimedia.org,Female,231.13.88.70
899,Tulley,Clace,tclaceoy@rediff.com,Male,202.4.78.50
900,Ianthe,McCafferky,imccafferkyoz@g.co,Female,247.162.194.147
901,Ari,Druitt,adruittp0@virginia.edu,Male,83.57.251.74
902,Harmon,Bartoszewicz,hbartoszewiczp1@mediafire.com,Male,92.89.136.232
903,Kaspar,Curness,kcurnessp2@europa.eu,Male,147.189.160.88
904,Obadias,Boutwell,oboutwellp3@vimeo.com,Male,236.151.36.224
905,Eveline,Sevier,esevierp4@github.io,Female,11.25.222.47
906,Carla,Skurray,cskurrayp5@tmall.com,Female,175.242.255.167
907,Joscelin,Summerrell,jsummerrellp6@aboutads.info,Female,69.47.83.197
908,Nancie,Raper,nraperp7@businesswire.com,Female,65.150.114.235
909,Leesa,Ubanks,lubanksp8@ebay.co.uk,Female,147.16.212.185
910,Star,Emnoney,semnoneyp9@creativecommons.org,Female,16.125.128.235
911,Newton,Mustin,nmustinpa@auda.org.au,Agender,41.57.80.64
912,Lynne,Cattini,lcattinipb@craigslist.org,Female,79.153.205.242
913,Myles,Greenset,mgreensetpc@unesco.org,Male,82.183.156.155
914,Elysee,D'eathe,edeathepd@nydailynews.com,Female,51.73.218.116
915,Neysa,Crotch,ncrotchpe@meetup.com,Bigender,153.254.118.64
916,Lucinda,Putland,lputlandpf@purevolume.com,Female,69.48.108.115
917,Vannie,Breckwell,vbreckwellpg@who.int,Female,37.233.244.235
918,Kaylil,Atlay,katlayph@goodreads.com,Female,118.78.240.26
919,Ivan,Cornelisse,icornelissepi@blogspot.com,Male,174.136.56.71
920,Barbara,Myles,bmylespj@salon.com,Female,13.94.182.209
921,Dale,Rosini,drosinipk@columbia.edu,Female,101.7.248.39
922,Lindy,Ticic,lticicpl@dion.ne.jp,Female,191.88.156.245
923,Kathy,Gilardi,kgilardipm@bing.com,Female,212.241.79.107
924,Luciano,Pacey,lpaceypn@yelp.com,Male,7.206.24.180
925,Zitella,Bentjens,zbentjenspo@answers.com,Female,163.207.19.108
926,Elmer,Kerin,ekerinpp@usatoday.com,Agender,124.64.22.28
927,Laura,Chillcot,lchillcotpq@ameblo.jp,Female,134.35.145.59
928,Estel,Erington,eeringtonpr@wufoo.com,Female,75.74.142.5
929,Therese,Strainge,tstraingeps@cbslocal.com,Female,145.99.19.16
930,Ariela,Tomasicchio,atomasicchiopt@wiley.com,Female,222.20.210.238
931,Dredi,Maden,dmadenpu@psu.edu,Female,38.53.83.177
932,Reese,Fruen,rfruenpv@bloglines.com,Male,58.243.248.176
933,Sander,Buxsey,sbuxseypw@google.it,Male,54.140.17.164
934,Way,Keirl,wkeirlpx@fastcompany.com,Male,143.55.38.245
935,Caroline,Benza,cbenzapy@goodreads.com,Female,208.215.176.200
936,Latia,McKenny,lmckennypz@bloglovin.com,Female,155.227.69.196
937,Martynne,Lardiner,mlardinerq0@linkedin.com,Female,154.122.158.85
938,Abbot,Kettlestringes,akettlestringesq1@nsw.gov.au,Male,19.56.136.36
939,Lon,Dowd,ldowdq2@wordpress.com,Male,218.68.98.131
940,Daryl,Beadel,dbeadelq3@tumblr.com,Female,113.193.60.60
941,Rory,Getcliff,rgetcliffq4@prweb.com,Male,146.30.197.234
942,Janith,Beyn,jbeynq5@ebay.com,Female,116.162.111.164
943,Cristy,Manicomb,cmanicombq6@shop-pro.jp,Polygender,239.105.32.235
944,Lynnet,Woofinden,lwoofindenq7@state.gov,Female,143.159.122.209
945,Robbie,Debenham,rdebenhamq8@webmd.com,Male,224.128.99.88
946,Conrado,Logesdale,clogesdaleq9@irs.gov,Male,237.205.102.206
947,Lincoln,Goade,lgoadeqa@independent.co.uk,Male,110.139.164.210
948,Wyatan,Abdey,wabdeyqb@google.co.jp,Male,117.177.40.27
949,Lynde,Chese,lcheseqc@alibaba.com,Female,128.83.0.45
950,Carlyn,Woodham,cwoodhamqd@bluehost.com,Genderqueer,175.216.77.222
951,Erin,Wassell,ewassellqe@washington.edu,Agender,15.188.193.144
952,Marnie,Sells,msellsqf@cbsnews.com,Female,60.138.14.251
953,Killy,Romeril,kromerilqg@netscape.com,Male,255.28.231.144
954,Aloisia,Rowaszkiewicz,arowaszkiewiczqh@google.com.au,Female,5.97.58.137
955,Bartholomeo,Sobczak,bsobczakqi@google.pl,Polygender,223.112.6.1
956,Tamma,Matteucci,tmatteucciqj@delicious.com,Female,115.132.204.169
957,Kennett,Barrie,kbarrieqk@nytimes.com,Male,134.142.245.87
958,Shae,Quye,squyeql@vinaora.com,Male,150.149.85.201
959,Amble,Habbal,ahabbalqm@xing.com,Male,76.116.247.122
960,Nina,Vynarde,nvynardeqn@homestead.com,Female,118.244.72.184
961,Dav,Von Der Empten,dvonderemptenqo@state.gov,Male,2.21.16.142
962,Aggie,Mullins,amullinsqp@zdnet.com,Female,178.174.251.138
963,Kristoforo,Jennick,kjennickqq@opensource.org,Male,39.52.40.247
964,Augustus,McGavigan,amcgaviganqr@kickstarter.com,Male,70.43.37.96
965,Forrester,Gordge,fgordgeqs@ft.com,Male,45.207.248.161
966,Maurise,Gonnely,mgonnelyqt@drupal.org,Non-binary,129.106.176.164
967,Olvan,Firebrace,ofirebracequ@google.co.uk,Male,130.28.132.139
968,Hortense,Ragles,hraglesqv@bloglovin.com,Genderfluid,39.86.124.198
969,Davina,Crady,dcradyqw@ycombinator.com,Female,113.90.120.12
970,Shelby,Byrd,sbyrdqx@java.com,Male,191.168.166.179
971,Nata,Dennick,ndennickqy@dyndns.org,Bigender,252.32.139.198
972,Constantia,Najara,cnajaraqz@constantcontact.com,Female,38.232.38.20
973,Patten,Heintsch,pheintschr0@yandex.ru,Male,229.83.123.19
974,Luciana,Tutsell,ltutsellr1@parallels.com,Female,166.148.158.91
975,Loraine,Ranns,lrannsr2@upenn.edu,Female,91.173.221.158
976,Lee,Revell,lrevellr3@bigcartel.com,Female,192.20.164.165
977,Stearn,Gilfillan,sgilfillanr4@squarespace.com,Male,186.214.33.73
978,Hermia,Aldridge,haldridger5@google.com.br,Female,251.196.111.30
979,Alley,Beldan,abeldanr6@multiply.com,Non-binary,24.253.112.236
980,Orton,Blease,obleaser7@live.com,Male,176.180.216.59
981,Prisca,Hinkins,phinkinsr8@last.fm,Female,87.225.142.216
982,Winny,Kelley,wkelleyr9@discuz.net,Female,45.51.252.119
983,Alla,Denzilow,adenzilowra@tinypic.com,Female,211.129.80.62
984,Arman,Grimstead,agrimsteadrb@bbb.org,Male,114.13.209.10
985,Sullivan,Onn,sonnrc@columbia.edu,Male,99.240.244.89
986,Emmott,Harriday,eharridayrd@google.com.br,Male,25.50.87.217
987,Almira,Ambrosetti,aambrosettire@delicious.com,Female,3.235.19.13
988,Teddy,Lusgdin,tlusgdinrf@de.vu,Female,188.40.213.60
989,Marv,Norcock,mnorcockrg@biblegateway.com,Male,74.166.151.75
990,Darb,Kline,dklinerh@va.gov,Male,173.195.244.125
991,Gray,Plessing,gplessingri@ameblo.jp,Male,217.198.193.59
992,Alexis,Flintoffe,aflintofferj@miibeian.gov.cn,Male,218.214.161.60
993,Koo,Maggill'Andreis,kmaggillandreisrk@homestead.com,Female,252.230.169.197
994,Berni,Tallis,btallisrl@wordpress.org,Bigender,110.192.29.0
995,Madelyn,Eggleson,megglesonrm@jigsy.com,Female,124.61.116.221
996,Henrieta,Glasner,hglasnerrn@wordpress.com,Female,71.205.235.142
997,Marga,Foxley,mfoxleyro@4shared.com,Female,49.59.161.75
998,Spenser,Sackett,ssackettrp@angelfire.com,Male,59.247.250.192
999,Mallory,Visco,mviscorq@constantcontact.com,Male,43.209.171.238
1000,Massimo,Terram,mterramrr@nba.com,Male,159.37.196.80
